Month,Autosales,Inflation,Unemploy,PPI,GasPrices
1,581400,2.800,6.200,127.200,1.082
2,647800,2.860,5.900,128.400,1.073
3,798300,2.850,5.700,129.100,1.072
4,685500,3.050,5.600,129.800,1.111
5,824700,3.190,5.500,129.900,1.178
6,852300,3.040,5.800,129.700,1.192
7,720800,2.760,5.900,129.900,1.154
8,805800,2.620,5.600,130.400,1.123
9,713200,2.540,5.400,129.400,1.111
10,698600,2.810,5.200,128.400,1.087
11,641300,2.610,5.300,126.900,1.062
12,650600,2.540,5.200,126.600,1.071
1,564500,2.730,6.300,127.000,1.090
2,687700,2.650,6.000,126.300,1.089
3,789400,2.840,5.800,125.700,1.137
4,757100,2.900,5.400,125.900,1.231
5,867200,2.890,5.400,126.300,1.279
6,788800,2.750,5.500,126.200,1.256
7,728000,2.950,5.600,125.800,1.227
8,745100,2.880,5.100,126.200,1.207
9,691900,3.000,5.000,126.400,1.202
10,673100,2.990,4.900,125.500,1.204
11,586200,3.260,5.000,124.300,1.232
12,599600,3.320,5.000,124.200,1.235
1,608600,3.040,5.900,125.500,1.236
2,644600,3.030,5.700,126.600,1.230
3,762300,2.760,5.500,126.200,1.205
4,694600,2.500,4.800,125.800,1.199
5,767400,2.230,4.700,126.000,1.200
6,735400,2.300,5.200,126.100,1.198
7,735000,2.230,5.000,126.700,1.174
8,735600,2.230,4.800,126.800,1.224
9,663600,2.150,4.700,126.800,1.231
10,659700,2.080,4.400,126.800,1.197
11,558500,1.830,4.300,127.200,1.171
12,652300,1.700,4.400,127.000,1.131
1,522500,1.570,5.200,127.000,1.086
2,611600,1.440,5.000,126.600,1.049
3,719900,1.380,5.000,125.700,1.017
4,706700,1.440,4.100,125.500,1.030
5,789100,1.690,4.200,125.300,1.064
6,813800,1.680,4.700,125.000,1.064
7,630700,1.680,4.700,124.200,1.055
8,669800,1.620,4.500,122.600,1.026
9,680200,1.490,4.400,120.500,1.009
10,708300,1.490,4.200,117.600,1.019
11,556000,1.550,4.100,115.600,0.995
12,676300,1.610,4.000,114.500,0.945
1,543500,1.670,4.800,113.900,0.939
2,666900,1.610,4.700,113.800,0.921
3,783900,1.730,4.400,112.900,0.982
4,732600,2.280,4.100,112.800,1.131
5,826200,2.090,4.000,113.100,1.131
6,825800,1.960,4.500,113.800,1.114
7,766000,2.140,4.500,113.400,1.158
8,792200,2.260,4.200,114.000,1.221
9,710200,2.630,4.100,113.900,1.256
10,683000,2.560,3.800,114.300,1.244
11,633300,2.620,3.800,115.500,1.251
12,673900,2.680,3.700,117.100,1.273
1,616700,2.740,4.500,118.300,1.289
2,763500,3.220,4.400,118.200,1.377
3,830200,3.760,4.300,118.400,1.516
4,770000,3.070,3.700,119.000,1.465
5,828000,3.190,3.800,118.400,1.487
6,835200,3.730,4.100,117.600,1.633
7,738500,3.660,4.200,117.100,1.551
8,796300,3.410,4.100,116.200,1.465
9,742500,3.450,3.800,116.100,1.550
10,659200,3.450,3.600,114.700,1.532
11,593700,3.450,3.700,112.800,1.517
12,603900,3.390,3.700,112.400,1.443
1,586900,3.730,4.700,112.100,1.447
2,695200,3.530,4.600,110.600,1.450
3,783900,2.920,4.500,110.600,1.409
4,684500,3.270,4.200,110.200,1.552
5,808800,3.620,4.100,109.900,1.702
6,804300,3.250,4.700,109.700,1.616
7,660600,2.720,4.700,110.000,1.421
8,720200,2.720,4.900,109.900,1.421
9,635100,2.650,4.700,109.600,1.522
10,806900,2.130,5.000,108.600,1.315
11,597200,1.900,5.300,107.600,1.171
12,568500,1.550,5.400,107.300,1.086
1,521100,1.140,6.300,107.100,1.107
2,620000,1.140,6.100,107.700,1.114
3,737900,1.480,6.100,109.000,1.249
4,712900,1.640,5.700,110.800,1.397
5,753300,1.180,5.500,112.900,1.392
6,755700,1.070,6.000,114.700,1.382
7,735000,1.460,5.900,115.900,1.397
8,822500,1.800,5.700,117.000,1.396
9,597900,1.510,5.400,118.600,1.400
10,599200,2.030,5.300,118.900,1.445
11,566700,2.200,5.600,118.200,1.419
12,620000,2.380,5.700,117.900,1.386
1,539700,2.600,6.500,118.600,1.458
2,575000,2.980,6.400,120.100,1.613
3,687300,3.020,6.200,120.700,1.693
4,648600,2.220,5.800,120.700,1.589
5,721900,2.060,5.800,119.800,1.497
6,683800,2.110,6.500,119.200,1.493
7,674600,2.110,6.300,119.400,1.513
8,732100,2.160,6.000,120.800,1.620
9,592400,2.320,5.800,122.000,1.679
10,569700,2.040,5.600,123.200,1.564
11,554100,1.770,5.600,125.000,1.512
12,576600,1.880,5.400,128.400,1.479
1,491100,1.930,6.300,134.000,1.572
2,578000,1.690,6.000,143.600,1.648
3,687500,1.740,6.000,150.300,1.736
4,639700,2.290,5.400,154.400,1.798
5,740500,3.050,5.300,155.300,1.983
6,668000,3.270,5.800,155.200,1.969
7,681400,2.990,5.700,166.000,1.911
8,636600,2.650,5.400,174.200,1.878
9,605700,2.540,5.100,174.000,1.870
10,583900,3.190,5.100,178.900,2.000
11,518400,3.520,5.200,182.400,1.979
12,651600,3.260,5.100,180.600,1.841
1,487300,2.970,5.700,181.200,1.831
2,572000,3.010,5.800,179.800,1.910
3,718800,3.150,5.400,176.400,2.079
4,714100,3.510,4.900,176.900,2.243
5,690200,2.800,4.900,170.700,2.161
6,704500,2.530,5.200,162.000,2.156
7,711300,3.170,5.200,160.000,2.290
8,697400,3.640,4.900,161.800,2.486
9,645300,4.690,4.800,169.200,2.903
10,560800,4.350,4.600,168.000,2.717
11,541100,3.460,4.800,173.900,2.257
12,617000,3.420,4.600,173.800,2.185
1,558800,3.990,5.100,174.700,2.316
2,569400,3.600,5.100,177.200,2.280
3,690700,3.360,4.800,178.100,2.425
4,711400,3.550,4.500,180.700,2.742
5,729700,4.170,4.400,183.700,2.907
6,713100,4.320,4.800,189.000,2.885
7,711400,4.150,5.000,193.900,2.981
8,719400,3.820,4.600,192.200,2.952
9,634700,2.060,4.400,195.300,2.555
10,544900,1.310,4.100,194.900,2.245
11,534100,1.970,4.300,189.000,2.229
12,643900,2.540,4.300,189.600,2.313
1,506400,2.080,5.000,190.000,2.240
2,560600,2.420,4.900,195.900,2.278
3,718900,2.780,4.500,205.500,2.563
4,622900,2.570,4.300,209.200,2.845
5,776100,2.690,4.300,205.800,3.146
6,716500,2.690,4.700,205.300,3.056
7,617500,2.360,4.900,204.300,2.965
8,679000,1.970,4.600,200.500,2.786
9,611600,2.760,4.500,199.800,2.803
10,560100,3.540,4.400,198.000,2.803
11,563900,4.310,4.500,197.800,3.080
12,628800,4.080,4.800,200.600,3.018
1,495800,4.280,5.400,210.000,3.043
2,555500,4.030,5.200,215.200,3.028
3,679400,3.980,5.200,224.000,3.244
4,656800,3.940,4.800,250.600,3.458
5,794400,4.180,5.200,270.600,3.766
6,659700,5.020,5.700,284.100,4.054
7,618800,5.600,6.000,293.100,4.062
8,627300,5.370,6.100,294.400,3.779
9,478400,4.940,6.000,274.000,3.703
10,427100,3.660,6.100,236.000,3.051
11,357100,1.070,6.500,209.400,2.147
12,418700,0.090,7.100,195.600,1.687
1,312700,0.030,8.500,191.600,1.788
2,338400,0.240,8.900,185.400,1.923
3,442000,-0.380,9.000,179.800,1.959
4,426500,-0.740,8.600,168.900,2.049
5,480600,-1.280,9.100,169.200,2.266
6,452500,-1.430,9.700,171.100,2.631
7,545400,-2.100,9.700,178.200,2.527
8,715600,-1.480,9.600,187.000,2.616
9,394000,-1.290,9.500,193.700,2.554
10,420900,-0.180,9.500,196.100,2.551
11,368200,1.840,9.400,191.300,2.651
12,504200,2.720,9.700,195.700,2.607
1,356200,2.630,10.600,205.600,2.715
2,393100,2.140,10.400,210.800,2.644
3,533500,2.310,10.200,220.600,2.772
4,493600,2.240,9.500,232.000,2.848
5,555200,2.020,9.300,235.500,2.836
6,493500,1.050,9.600,233.500,2.732
7,515000,1.240,9.700,224.800,2.729
8,490800,1.150,9.500,221.900,2.730
9,463200,1.140,9.200,224.100,2.705
10,436400,1.170,9.000,222.700,2.801
11,395700,1.140,9.300,222.600,2.859
12,509600,1.500,9.100,228.300,2.993
1,380300,1.630,9.800,239.800,3.095
2,483000,2.110,9.500,248.700,3.211
3,648500,2.680,9.200,253.300,3.561
4,596000,3.160,8.700,257.500,3.800
5,534600,3.570,8.700,256.600,3.906
6,513900,3.560,9.300,256.400,3.680
7,497400,3.630,9.300,256.900,3.650
8,497600,3.770,9.100,256.500,3.639
9,475000,3.870,8.800,256.900,3.611
10,470100,3.530,8.500,255.200,3.448
11,455300,3.390,8.200,248.900,3.384
12,541300,2.960,8.300,252.100,3.266
1,460500,2.930,8.800,256.500,3.380
2,604000,2.870,8.700,253.800,3.579
3,747900,2.650,8.400,253.400,3.852
4,614700,2.300,7.700,252.300,3.900
5,677300,1.700,7.900,250.500,3.732
6,641900,1.660,8.400,239.000,3.539
7,567400,1.410,8.600,232.100,3.439
8,633700,1.690,8.200,233.200,3.722
9,585200,1.990,7.600,233.700,3.849
10,530900,2.160,7.500,224.800,3.746
11,551600,1.760,7.400,228.900,3.452
12,629900,1.740,7.600,230.300,3.310
1,523200,1.590,8.500,228.000,3.319
2,604200,1.980,8.100,226.000,3.670
3,739700,1.470,7.600,228.800,3.711
4,639100,1.060,7.100,228.100,3.570
5,710200,1.360,7.300,223.300,3.615
6,687200,1.750,7.800,222.200,3.626
7,638100,1.960,7.700,225.300,3.591
8,734000,1.520,7.300,225.200,3.574
9,549300,1.180,7.000,223.900,3.532
10,563800,0.960,7.000,224.900,3.344
11,584800,1.240,6.600,228.900,3.243
12,612600,1.500,6.500,232.500,3.276
1,480000,1.580,7.000,238.000,3.313
2,562500,1.130,7.000,234.900,3.356
3,741300,1.510,6.800,231.300,3.533
4,656700,1.950,5.900,234.600,3.661
5,775000,2.130,6.100,233.500,3.673
6,685300,2.070,6.300,232.600,3.692
7,670900,1.990,6.500,232.700,3.611
8,752400,1.700,6.300,233.000,3.487
9,565500,1.660,5.700,233.900,3.406
10,580900,1.660,5.500,230.500,3.171
11,579100,1.320,5.500,226.300,2.912
12,658300,0.760,5.400,224.000,2.543
1,515400,-0.090,6.100,222.400,2.116
2,558200,-0.030,5.800,209.200,2.216
3,717500,-0.070,5.600,205.200,2.464
4,646400,-0.200,5.100,200.900,2.469
5,748000,-0.040,5.300,198.300,2.718
6,661200,0.120,5.500,200.300,2.802
7,647900,0.170,5.600,198.200,2.794
8,670800,0.200,5.200,193.000,2.636
9,599000,-0.040,4.900,190.500,2.365
10,599700,0.170,4.800,181.500,2.290
11,529900,0.500,4.800,175.200,2.158
12,634500,0.730,4.800,172.200,2.038
1,473100,1.370,5.300,173.100,1.949
2,555900,1.020,5.200,172.700,1.764
3,666900,0.850,5.100,175.400,1.969
4,609500,1.130,4.700,184.300,2.113
5,626200,1.020,4.500,192.900,2.268
6,605400,1.000,5.100,193.400,2.366
7,591500,0.830,5.100,193.600,2.239
8,580800,1.060,5.000,195.000,2.178
9,556300,1.460,4.800,191.200,2.219
10,507200,1.640,4.700,186.400,2.249
11,509100,1.690,4.400,189.300,2.182
12,601300,2.070,4.500,196.400,2.254
1,412900,2.500,5.100,204.800,2.349
2,484300,2.740,4.900,207.300,2.304
3,590600,2.380,4.600,213.300,2.325
4,538500,2.200,4.100,212.000,2.417
5,562700,1.870,4.100,213.700,2.391
6,521900,1.630,4.500,213.900,2.347
7,501900,1.730,4.600,215.900,2.300
8,523400,1.940,4.500,214.100,2.380
9,535500,2.230,4.100,215.700,2.645
10,459200,2.040,3.900,211.500,2.505
11,462000,2.200,3.900,208.800,2.564
12,496300,2.110,3.900,212.900,2.477
1,366400,2.070,4.500,217.600,2.555
2,422300,2.210,4.400,222.100,2.587
3,537600,2.360,4.100,227.500,2.591
4,429100,2.460,3.700,234.100,2.757
5,513700,2.800,3.600,239.000,2.901
6,483500,2.870,4.200,242.500,2.891
7,417200,2.950,4.100,244.300,2.849
8,441300,2.700,3.900,244.800,2.836
9,430300,2.280,3.600,244.700,2.836
10,420400,2.520,3.500,244.100,2.860
11,401300,2.180,3.500,246.700,2.647
12,447100,1.910,3.700,245.800,2.366
1,353600,1.550,4.400,240.400,2.248
2,365500,1.520,4.100,235.700,2.309
3,483000,1.860,3.900,238.600,2.516
4,395600,2.000,3.300,234.000,2.798
5,455000,1.790,3.400,229.800,2.859
6,440000,1.650,3.800,222.500,2.716
7,382900,1.810,4.000,216.900,2.740
8,434200,1.750,3.800,217.800,2.621
9,339500,1.710,3.300,212.300,2.592
10,343800,1.760,3.300,206.400,2.627
11,352600,2.050,3.300,205.100,2.598
12,374100,2.290,3.400,207.300,2.555
1,293200,2.490,4.000,212.100,2.548
2,346500,2.330,3.800,209.100,2.442
3,264700,1.540,4.500,210.600,2.234
4,166400,0.330,14.400,204.700,1.841
5,258500,0.120,13.000,203.500,1.870
6,251200,0.650,11.200,203.500,2.082
7,292600,0.990,10.500,200.900,2.183
8,299800,1.310,8.500,200.400,2.182
9,304800,1.370,7.700,205.200,2.183
10,313600,1.180,6.600,207.400,2.158
11,277600,1.170,6.400,210.400,2.108
12,332900,1.360,6.500,226.600,2.195
